{
  "precision": 0.465625,
  "recall": 0.6898148148148148,
  "f1": 0.5559701492537313,
  "accuracy": 0.15,
  "speed_tokens_per_sec": 1124.9941127517811,
  "total_time": 1.2640066146850586,
  "total_tokens": 1422,
  "total_entities_predicted": 320,
  "total_entities_actual": 216,
  "fallback_rate": 0.06,
  "per_entity_metrics": {
    "GPE": {
      "precision": 0.972972972972973,
      "recall": 0.8780487804878049,
      "f1": 0.923076923076923,
      "support": 82
    },
    "ORG": {
      "precision": 0.0625,
      "recall": 0.5,
      "f1": 0.1111111111111111,
      "support": 2
    },
    "PERSON": {
      "precision": 0.9047619047619048,
      "recall": 0.6846846846846847,
      "f1": 0.7794871794871795,
      "support": 111
    },
    "EVENT": {
      "precision": 0.0,
      "recall": 0.0,
      "f1": 0.0,
      "support": 0
    },
    "DATE": {
      "precision": 0.0,
      "recall": 0.0,
      "f1": 0.0,
      "support": 0
    },
    "CARDINAL": {
      "precision": 0.0,
      "recall": 0.0,
      "f1": 0.0,
      "support": 0
    },
    "MISC": {
      "precision": 0.0,
      "recall": 0.0,
      "f1": 0.0,
      "support": 21
    },
    "ORDINAL": {
      "precision": 0.0,
      "recall": 0.0,
      "f1": 0.0,
      "support": 0
    },
    "NORP": {
      "precision": 0.0,
      "recall": 0.0,
      "f1": 0.0,
      "support": 0
    },
    "TIME": {
      "precision": 0.0,
      "recall": 0.0,
      "f1": 0.0,
      "support": 0
    },
    "PRODUCT": {
      "precision": 0.0,
      "recall": 0.0,
      "f1": 0.0,
      "support": 0
    },
    "LAW": {
      "precision": 0.0,
      "recall": 0.0,
      "f1": 0.0,
      "support": 0
    },
    "QUANTITY": {
      "precision": 0.0,
      "recall": 0.0,
      "f1": 0.0,
      "support": 0
    }
  },
  "timestamp": 1755245267.9437802
}