{
  "precision": 0.8666666666666667,
  "recall": 0.8125,
  "f1": 0.8387096774193549,
  "accuracy": 0.6,
  "speed_tokens_per_sec": 44.53307508276045,
  "total_time": 1.1676714420318604,
  "total_tokens": 52,
  "total_entities_predicted": 15,
  "total_entities_actual": 16,
  "fallback_rate": 0.2,
  "per_entity_metrics": {
    "PERSON": {
      "precision": 0.8,
      "recall": 0.8,
      "f1": 0.8000000000000002,
      "support": 5
    },
    "GPE": {
      "precision": 1.0,
      "recall": 1.0,
      "f1": 1.0,
      "support": 3
    },
    "ORG": {
      "precision": 0.6666666666666666,
      "recall": 0.5,
      "f1": 0.5714285714285715,
      "support": 4
    },
    "DATE": {
      "precision": 1.0,
      "recall": 1.0,
      "f1": 1.0,
      "support": 2
    },
    "MONEY": {
      "precision": 1.0,
      "recall": 1.0,
      "f1": 1.0,
      "support": 2
    }
  },
  "timestamp": 1755250651.854273
}