{
  "precision": 0.7647058823529411,
  "recall": 0.8125,
  "f1": 0.787878787878788,
  "accuracy": 0.2,
  "speed_tokens_per_sec": 439.60922120001374,
  "total_time": 0.13193535804748535,
  "total_tokens": 58,
  "total_entities_predicted": 17,
  "total_entities_actual": 16,
  "fallback_rate": 0.2,
  "per_entity_metrics": {
    "PERSON": {
      "precision": 0.75,
      "recall": 0.75,
      "f1": 0.75,
      "support": 4
    },
    "GPE": {
      "precision": 1.0,
      "recall": 1.0,
      "f1": 1.0,
      "support": 3
    },
    "ORG": {
      "precision": 1.0,
      "recall": 0.8333333333333334,
      "f1": 0.9090909090909091,
      "support": 6
    },
    "DATE": {
      "precision": 0.3333333333333333,
      "recall": 1.0,
      "f1": 0.5,
      "support": 1
    },
    "MONEY": {
      "precision": 1.0,
      "recall": 1.0,
      "f1": 1.0,
      "support": 1
    },
    "LAW": {
      "precision": 0.0,
      "recall": 0.0,
      "f1": 0.0,
      "support": 0
    },
    "MISC": {
      "precision": 0.0,
      "recall": 0.0,
      "f1": 0.0,
      "support": 1
    }
  },
  "timestamp": 1755244780.741617
}