{
  "precision": 0.7,
  "recall": 0.7777777777777778,
  "f1": 0.7368421052631577,
  "accuracy": 0.5,
  "speed_tokens_per_sec": 2643.2075919335707,
  "total_time": 0.0128631591796875,
  "total_tokens": 34,
  "total_entities_predicted": 10,
  "total_entities_actual": 9,
  "fallback_rate": 0.0,
  "per_entity_metrics": {
    "GPE": {
      "precision": 1.0,
      "recall": 1.0,
      "f1": 1.0,
      "support": 1
    },
    "ORG": {
      "precision": 0.6666666666666666,
      "recall": 1.0,
      "f1": 0.8,
      "support": 2
    },
    "PERSON": {
      "precision": 1.0,
      "recall": 0.8,
      "f1": 0.888888888888889,
      "support": 5
    },
    "DATE": {
      "precision": 0.0,
      "recall": 0.0,
      "f1": 0.0,
      "support": 0
    },
    "MONEY": {
      "precision": 0.0,
      "recall": 0.0,
      "f1": 0.0,
      "support": 1
    }
  },
  "timestamp": 1755244780.741483
}